low,medium,high,critical
add,ABI ,amount,access
added,array index,arbitrarili,account
addit,api,assign,address
additional,assert,attribute ,amount
allow,buffer ,balanc,arbitrari
backtrac,bug,balance,arbitrary
backtrace,build,behavior,Arithmetic
block,chain,behaviour,asset
blocks,client,breaks ,assets
break,code,call,attack
build ,Coding error,call_override,attacker
busy,conection,cash ,attackers
buttons interface,creat,close,authorization
chang,create,coercion,bad pattern
changes  ,deploy,const,bit
check,Deprecated,constructor,block dependency
command,disconnection ,constructor ,Blockhash
comment,EIP,Control Flow,breached
commit,ensur,corruption,buffer
compil,err,data,buypric
compilation ,error,data loss,buyprice
confegration ,event,date,byte
connect,except,decimal arguments,bytecod
correct,execut,depend,bytecode
debug ,exist,deposit ,bytes
default,explicit,dirty,bytestrings
describ,fail,discov,call stack depth limit
describe,failed,empty session ,Call to the unknown
descript,fals,eth,cash
description,featur,ethereum,coin 
detail,field,ethgetstorageat,coins
doc,func,evil,Confidential
docker ,function,evm,control
document,gz,expect,Cross function race condition
documentation,gzs,extern,dead code
eth_call,Hard coded,external,delegatecall
feature ,ignor,financial loss,Denial Service
file,improvments,financial losses,dependency
find,increament  ,fix,depth
fix ,insufficient validation,forg,discov
follow,issu,forge,discovered
fork,issue,fork ,DoS
get,line,free workaround ,erc
geth,list,hang ,erc20
geth crash ,log,hash,exploit
grahl,mining,id,fallback
helpers ,miss,implement,fallback function
info,missing,implementation,financi
inform,modifi,import,financial
information,modifier,incorrect,Front Running
interfac,msgvalu,incorrect ,gas
interface ,msgvalue,initialize,Gas costly loops
jsonrpc,nonce,injection,gas limit
label,optemize ,Insufficient compiler version,gaspric
learning ,optimisation ,internal,Greedy
linearized ,output,issu,High gas consumption
linux,overrides ,key,Improper data validation
load,paramet,layout conflict,Inadequate
memory ,pass,length,incorrect logging
minir,pass ,loading ,information leakage
name,possibl,local,integ
network,potenti,logic,integer
new,potential,logical,Integer division
node,problem,Low Level,Integer overflow
nodes ,proxy,manipulated balance,kill
nonvulner,pure,max fee,library 
nonvulnerable,readbool ,memori,Locking
number,request,memory,loop 
object,requir,messag,minttoken
operating,require,message,Mishandled
option,revert,method,Missing logic
os,revert violation,mine,overflow
page,run,mint,overrun
peer,split ,misinterpretation,predictable
preview ,splitting Fallback,morph,price
proof,start,name,race condition
reproduc,statu,network,race empty
resolv,status,null,race to empty
resolve,success,onlyown,Random
resolved,syntax,onlyowner,recursive
respons,transact,open,recursive call vulnerability
response,transaction,operate,Reentrancy
running,type,operations,send
screen ,typo,optimize ,Short Address
server,unions ,origin,Signature
set,updat,overwritten ,signed
static,update,owner,subcontract
step,upgrad,ownership,Synchronization
submit,upgrade,payable,throw
support,user,peercount,time
sync,validation,pragma ,Time manipulation
system,valu,private,Timestamp dependency
template ,value,public,token
test ,variabl,publicly,Transaction order
tests ,variable,purchase,tx
tri,verifi,random,tx.origin
tz,verify,releas,Type cast
underpriced,view,release,uint
upload,vulnerable,result,uint size 
use,wallet,retriev,uint256
validate ,work,retrieve,Unbounded
var,workaround,return,Unchecked low level
warn,workarounds,revert ,underflow
warning ,wrong,run,unexpect
web,,runtime ,unexpected
web3.js,,safemath ,unknown
windows,,sellpric,Variable shadowing
,,sellprice,vulner
,,setpric,Vulnerable delegatecall
,,shadowing,withdraw
,,smart,
,,solid,
,,solidity,
,,sourc,
,,source,
,,stack ,
,,stack trace ,
,,standard,
,,state,
,,steal,
,,storag,
,,storage,
,,struct,
,,target,
,,throw,
,,transfer,
,,transferfrom,
,,type,
,,TypedData ,
,,types ,
,,Unchecked,
,,unit,
,,Untrusted Control,
,,use,
,,valid,
,,values,
,,version,
,,visibility,
